{"cameraMode":{"drawMode":0,"name":"Shaded","section":"Shading Mode"},"sceneLighting":true,"audioPlay":false,"sceneViewState":{"showFog":true,"showMaterialUpdate":false,"showSkybox":true,"showFlares":true,"showImageEffects":true,"showParticleSystems":true,"showVisualEffectGraphs":true,"m_FxEnabled":true},"in2DMode":false,"pivot":{"x":169.10784912109376,"y":30.28412628173828,"z":-7.6173553466796879},"rotation":{"x":-0.005101378541439772,"y":0.006317768711596727,"z":0.00003816562093561515,"w":0.9999891519546509},"size":123.96603393554688,"orthographic":false}