{"cameraMode":{"drawMode":0,"name":"Shaded","section":"Shading Mode"},"sceneLighting":true,"audioPlay":false,"sceneViewState":{"m_AlwaysRefresh":false,"showFog":true,"showSkybox":true,"showFlares":true,"showImageEffects":true,"showParticleSystems":true,"showVisualEffectGraphs":true,"m_FxEnabled":true},"in2DMode":false,"pivot":{"x":1204.5189208984375,"y":475.2742614746094,"z":-25.233627319335939},"rotation":{"x":-0.005101378541439772,"y":0.006317768711596727,"z":0.00003816562093561515,"w":0.9999891519546509},"size":799.2162475585938,"orthographic":false}