{"cameraMode":{"drawMode":0,"name":"Shaded","section":"Shading Mode"},"sceneLighting":false,"audioPlay":false,"sceneViewState":{"showFog":true,"showMaterialUpdate":false,"showSkybox":false,"showFlares":true,"showImageEffects":true,"showParticleSystems":true,"showVisualEffectGraphs":true,"m_FxEnabled":true},"in2DMode":false,"pivot":{"x":-18.658432006835939,"y":0.6596747040748596,"z":15.523004531860352},"rotation":{"x":-0.005087386816740036,"y":0.08841687440872193,"z":0.00038839440094307065,"w":0.9961680173873901},"size":2.9999823570251467,"orthographic":false}