{"cameraMode":{"drawMode":0,"name":"Shaded","section":"Shading Mode"},"sceneLighting":true,"audioPlay":false,"sceneViewState":{"showFog":true,"showMaterialUpdate":false,"showSkybox":true,"showFlares":true,"showImageEffects":true,"showParticleSystems":true,"showVisualEffectGraphs":true,"m_FxEnabled":true},"in2DMode":false,"pivot":{"x":3.1677794456481935,"y":0.5440471172332764,"z":18.157590866088868},"rotation":{"x":0.008991152979433537,"y":0.25689223408699038,"z":-0.002413923619315028,"w":0.9664162993431091},"size":201.31053161621095,"orthographic":false}