{"cameraMode":{"drawMode":0,"name":"Shaded","section":"Shading Mode"},"sceneLighting":false,"audioPlay":false,"sceneViewState":{"showFog":true,"showMaterialUpdate":false,"showSkybox":false,"showFlares":true,"showImageEffects":true,"showParticleSystems":true,"showVisualEffectGraphs":true,"m_FxEnabled":true},"in2DMode":false,"pivot":{"x":6.500003814697266,"y":0.34200000762939455,"z":25.750001907348634},"rotation":{"x":0.09165136516094208,"y":0.4206239879131317,"z":-0.04299048334360123,"w":0.9016551375389099},"size":3.6667990684509279,"orthographic":false}