{"cameraMode":{"drawMode":0,"name":"Shaded","section":"Shading Mode"},"sceneLighting":false,"audioPlay":false,"sceneViewState":{"showFog":true,"showMaterialUpdate":false,"showSkybox":false,"showFlares":true,"showImageEffects":true,"showParticleSystems":true,"showVisualEffectGraphs":true,"m_FxEnabled":true},"in2DMode":false,"pivot":{"x":-17.668743133544923,"y":3.073715925216675,"z":-15.43431282043457},"rotation":{"x":0.012747510336339474,"y":0.1524306982755661,"z":-0.001975361490622163,"w":0.9883288741111755},"size":15.155413627624512,"orthographic":false}